{
  "Surface height": {
    "10": 0.3504634270782516,
    "1": 0.1923154840008638,
    "2": 0.4737546094249919,
    "3": 0.32844526999240864,
    "4": 0.36441192106719444,
    "5": -0.13286571640470896,
    "6": 0.12463586792910042,
    "7": -0.37313298016397617,
    "8": -0.39119027471894224,
    "9": -0.20379700108004592
  },
  "Surface temperature": {
    "10": 0.9375244270782516,
    "1": 0.7948054840008638,
    "2": 1.126720609424992,
    "3": 0.9788002699924087,
    "4": 1.0927829210671944,
    "5": 0.5965472835952911,
    "6": 0.9324398679291004,
    "7": 0.41593801983602385,
    "8": 0.46878872528105775,
    "9": 0.6356919989199541
  },
  "Surface salinity": {
    "10": 1.0705004270782517,
    "1": 0.9099384840008637,
    "2": 1.1971716094249918,
    "3": 1.0464182699924087,
    "4": 1.0743749210671945,
    "5": 0.570835283595291,
    "6": 0.8242068679291005,
    "7": 0.3227530198360239,
    "8": 0.3029777252810578,
    "9": 0.48265999891995404
  },
  "Surface northward velocity": {
    "10": 0.39457042707825163,
    "1": 0.23851848400086378,
    "2": 0.524353609424992,
    "3": 0.37751726999240864,
    "4": 0.41318692106719446,
    "5": -0.08315571640470895,
    "6": 0.1761348679291004,
    "7": -0.3199899801639762,
    "8": -0.33642727471894224,
    "9": -0.1494370010800459
  },
  "Surface eastward velocity": {
    "10": 0.39571142707825163,
    "1": 0.23952148400086376,
    "2": 0.5245026094249919,
    "3": 0.3784122699924087,
    "4": 0.4161739210671944,
    "5": -0.08039271640470896,
    "6": 0.1786028679291004,
    "7": -0.31878798016397614,
    "8": -0.33578627471894223,
    "9": -0.1454680010800459
  },
  "50m temperature": {
    "10": 1.2441924270782516,
    "1": 1.101128484000864,
    "2": 1.4046456094249917,
    "3": 1.2770852699924087,
    "4": 1.3478529210671946,
    "5": 0.8872312835952911,
    "6": 1.1799718679291005,
    "7": 0.7332610198360239,
    "8": 0.7410527252810577,
    "9": 0.9928109989199542
  },
  "50m salinity": {
    "10": 0.6285034270782517,
    "1": 0.46991048400086377,
    "2": 0.7599856094249919,
    "3": 0.6135632699924087,
    "4": 0.6518709210671945,
    "5": 0.15526328359529107,
    "6": 0.41405586792910043,
    "7": -0.08241098016397619,
    "8": -0.09971227471894223,
    "9": 0.08889599891995409
  },
  "50m northward velocity": {
    "10": 0.3851064270782516,
    "1": 0.22710448400086378,
    "2": 0.508303609424992,
    "3": 0.3622352699924087,
    "4": 0.3968059210671945,
    "5": -0.09883371640470895,
    "6": 0.15830886792910043,
    "7": -0.3366789801639762,
    "8": -0.3571962747189422,
    "9": -0.16892100108004593
  },
  "50m eastward velocity": {
    "10": 0.38654942707825163,
    "1": 0.22907948400086378,
    "2": 0.5110746094249919,
    "3": 0.3648802699924087,
    "4": 0.3995529210671945,
    "5": -0.09616971640470895,
    "6": 0.16085186792910042,
    "7": -0.33442898016397615,
    "8": -0.3532912747189422,
    "9": -0.1631590010800459
  },
  "200m temperature": {
    "10": 1.1079834270782516,
    "1": 0.9551114840008638,
    "2": 1.240966609424992,
    "3": 1.0980242699924085,
    "4": 1.1303319210671945,
    "5": 0.6437152835952911,
    "6": 0.9038938679291004,
    "7": 0.4194260198360238,
    "8": 0.40695272528105775,
    "9": 0.6072189989199541
  },
  "200m salinity": {
    "10": 0.4317264270782516,
    "1": 0.27369548400086374,
    "2": 0.555769609424992,
    "3": 0.40898026999240866,
    "4": 0.44259692106719445,
    "5": -0.054451716404708944,
    "6": 0.2010308679291004,
    "7": -0.29557498016397615,
    "8": -0.31619227471894223,
    "9": -0.12867100108004592
  },
  "200m northward velocity": {
    "10": 0.38364242707825164,
    "1": 0.2251214840008638,
    "2": 0.505207609424992,
    "3": 0.35816326999240866,
    "4": 0.39096892106719444,
    "5": -0.10616171640470895,
    "6": 0.14893286792910043,
    "7": -0.34773998016397617,
    "8": -0.3689792747189422,
    "9": -0.18196500108004593
  },
  "200m eastward velocity": {
    "10": 0.3882204270782516,
    "1": 0.22960048400086377,
    "2": 0.510225609424992,
    "3": 0.3634282699924087,
    "4": 0.39678992106719446,
    "5": -0.10046571640470894,
    "6": 0.15475286792910042,
    "7": -0.34226198016397613,
    "8": -0.36356127471894223,
    "9": -0.1763150010800459
  },
  "550m temperature": {
    "10": 0.8076654270782516,
    "1": 0.6512374840008638,
    "2": 0.9233886094249919,
    "3": 0.7785952699924087,
    "4": 0.8135259210671945,
    "5": 0.3190392835952911,
    "6": 0.5805848679291005,
    "7": 0.08569001983602387,
    "8": 0.07251672528105779,
    "9": 0.2635409989199541
  },
  "550m salinity": {
    "10": 0.3684024270782516,
    "1": 0.20996148400086379,
    "2": 0.4919896094249919,
    "3": 0.34471926999240865,
    "4": 0.37875492106719444,
    "5": -0.11918971640470895,
    "6": 0.13648786792910042,
    "7": -0.3610159801639762,
    "8": -0.3816202747189422,
    "9": -0.19502400108004592
  },
  "550m northward velocity": {
    "10": 0.3712174270782516,
    "1": 0.21273648400086376,
    "2": 0.49276460942499195,
    "3": 0.34557226999240864,
    "4": 0.37814392106719447,
    "5": -0.11945671640470895,
    "6": 0.1351408679291004,
    "7": -0.3621199801639762,
    "8": -0.3836742747189422,
    "9": -0.19702200108004592
  },
  "550m eastward velocity": {
    "10": 0.3746804270782516,
    "1": 0.21613848400086377,
    "2": 0.49638960942499194,
    "3": 0.34931426999240867,
    "4": 0.38206592106719445,
    "5": -0.11564971640470895,
    "6": 0.13915286792910042,
    "7": -0.3581529801639762,
    "8": -0.37962927471894226,
    "9": -0.1929190010800459
  }
}
