{
  "name": "dummy",
  "author": "toto",
  "depths": {
    "Surface": {
      "real_value": 0,
      "variables": {
        "temperature": {
          "cf_name": "sea_surface_temperature",
          "unit": "\u00b0C",
          "data": {
            "10": 0.33646524252297394,
            "1": 0.5482085036944642,
            "2": 0.18456698391663484,
            "3": 0.019674655110571898,
            "4": -0.3998454854044683,
            "5": 0.13139939172195275,
            "6": -0.35212225432648925,
            "7": 0.252107396077015,
            "8": 0.561410290689462,
            "9": -0.2723838321236317
          }
        },
        "salinity": {
          "cf_name": "sea_surface_salinity",
          "unit": "todo",
          "data": {
            "10": 1.056502242522974,
            "1": 1.2658315036944643,
            "2": 0.9079839839166348,
            "3": 0.737647655110572,
            "4": 0.3101175145955317,
            "5": 0.8351003917219527,
            "6": 0.3474487456735108,
            "7": 0.947993396077015,
            "8": 1.2555782906894621,
            "9": 0.4140731678763683
          }
        }
      }
    },
    "50 m": {
      "real_value": 49.179961,
      "variables": {
        "temperature": {
          "cf_name": "sea_surface_temperature",
          "unit": "\u00b0C",
          "data": {
            "10": 1.230194242522974,
            "1": 1.4570215036944643,
            "2": 1.1154579839166348,
            "3": 0.9683146551105719,
            "4": 0.5835955145955318,
            "5": 1.151496391721953,
            "6": 0.7032137456735108,
            "7": 1.3585013960770151,
            "8": 1.693653290689462,
            "9": 0.9242241678763684
          }
        },
        "salinity": {
          "cf_name": "sea_surface_salinity",
          "unit": "todo",
          "data": {
            "10": 0.614505242522974,
            "1": 0.8258035036944642,
            "2": 0.47079798391663485,
            "3": 0.3047926551105719,
            "4": -0.11238648540446827,
            "5": 0.4195283917219528,
            "6": -0.06270225432648924,
            "7": 0.542829396077015,
            "8": 0.8528882906894619,
            "9": 0.020309167876368328
          }
        }
      }
    }
  }
}
