{
  "Surface height": {
    "10": 0.33646524252297394,
    "1": 0.5482085036944642,
    "2": 0.18456698391663484,
    "3": 0.019674655110571898,
    "4": -0.3998454854044683,
    "5": 0.13139939172195275,
    "6": -0.35212225432648925,
    "7": 0.252107396077015,
    "8": 0.561410290689462,
    "9": -0.2723838321236317
  },
  "Surface temperature": {
    "10": 0.9235262425229739,
    "1": 1.1506985036944641,
    "2": 0.8375329839166349,
    "3": 0.6700296551105719,
    "4": 0.3285255145955317,
    "5": 0.8608123917219528,
    "6": 0.4556817456735107,
    "7": 1.0411783960770151,
    "8": 1.4213892906894618,
    "9": 0.5671051678763683
  },
  "Surface salinity": {
    "10": 1.056502242522974,
    "1": 1.2658315036944643,
    "2": 0.9079839839166348,
    "3": 0.737647655110572,
    "4": 0.3101175145955317,
    "5": 0.8351003917219527,
    "6": 0.3474487456735108,
    "7": 0.947993396077015,
    "8": 1.2555782906894621,
    "9": 0.4140731678763683
  },
  "Surface northward velocity": {
    "10": 0.38057224252297395,
    "1": 0.5944115036944642,
    "2": 0.23516598391663485,
    "3": 0.0687466551105719,
    "4": -0.3510704854044683,
    "5": 0.18110939172195276,
    "6": -0.3006232543264893,
    "7": 0.305250396077015,
    "8": 0.6161732906894619,
    "9": -0.21802383212363166
  },
  "Surface eastward velocity": {
    "10": 0.38171324252297395,
    "1": 0.5954145036944642,
    "2": 0.23531498391663486,
    "3": 0.06964165511057191,
    "4": -0.3480834854044683,
    "5": 0.18387239172195274,
    "6": -0.29815525432648926,
    "7": 0.306452396077015,
    "8": 0.616814290689462,
    "9": -0.21405483212363166
  },
  "50m temperature": {
    "10": 1.230194242522974,
    "1": 1.4570215036944643,
    "2": 1.1154579839166348,
    "3": 0.9683146551105719,
    "4": 0.5835955145955318,
    "5": 1.151496391721953,
    "6": 0.7032137456735108,
    "7": 1.3585013960770151,
    "8": 1.693653290689462,
    "9": 0.9242241678763684
  },
  "50m salinity": {
    "10": 0.614505242522974,
    "1": 0.8258035036944642,
    "2": 0.47079798391663485,
    "3": 0.3047926551105719,
    "4": -0.11238648540446827,
    "5": 0.4195283917219528,
    "6": -0.06270225432648924,
    "7": 0.542829396077015,
    "8": 0.8528882906894619,
    "9": 0.020309167876368328
  },
  "50m northward velocity": {
    "10": 0.3711082425229739,
    "1": 0.5829975036944642,
    "2": 0.21911598391663487,
    "3": 0.0534646551105719,
    "4": -0.36745148540446826,
    "5": 0.16543139172195276,
    "6": -0.31844925432648924,
    "7": 0.288561396077015,
    "8": 0.595404290689462,
    "9": -0.2375078321236317
  },
  "50m eastward velocity": {
    "10": 0.37255124252297395,
    "1": 0.5849725036944642,
    "2": 0.22188698391663486,
    "3": 0.05610965511057191,
    "4": -0.36470448540446826,
    "5": 0.16809539172195276,
    "6": -0.3159062543264892,
    "7": 0.290811396077015,
    "8": 0.5993092906894619,
    "9": -0.23174583212363167
  },
  "200m temperature": {
    "10": 1.093985242522974,
    "1": 1.3110045036944642,
    "2": 0.9517789839166348,
    "3": 0.7892536551105719,
    "4": 0.36607451459553175,
    "5": 0.9079803917219528,
    "6": 0.42713574567351076,
    "7": 1.044666396077015,
    "8": 1.3595532906894618,
    "9": 0.5386321678763684
  },
  "200m salinity": {
    "10": 0.4177282425229739,
    "1": 0.6295885036944642,
    "2": 0.26658198391663485,
    "3": 0.1002096551105719,
    "4": -0.3216604854044683,
    "5": 0.20981339172195276,
    "6": -0.27572725432648926,
    "7": 0.329665396077015,
    "8": 0.6364082906894619,
    "9": -0.19725783212363168
  },
  "200m northward velocity": {
    "10": 0.36964424252297395,
    "1": 0.5810145036944642,
    "2": 0.21601998391663485,
    "3": 0.049392655110571906,
    "4": -0.3732884854044683,
    "5": 0.15810339172195276,
    "6": -0.32782525432648923,
    "7": 0.277500396077015,
    "8": 0.583621290689462,
    "9": -0.2505518321236317
  },
  "200m eastward velocity": {
    "10": 0.3742222425229739,
    "1": 0.5854935036944642,
    "2": 0.22103798391663487,
    "3": 0.0546576551105719,
    "4": -0.3674674854044683,
    "5": 0.16379939172195276,
    "6": -0.32200525432648924,
    "7": 0.282978396077015,
    "8": 0.5890392906894619,
    "9": -0.24490183212363167
  },
  "550m temperature": {
    "10": 0.7936672425229739,
    "1": 1.0071305036944642,
    "2": 0.6342009839166348,
    "3": 0.4698246551105719,
    "4": 0.04926851459553172,
    "5": 0.5833043917219528,
    "6": 0.1038267456735108,
    "7": 0.710930396077015,
    "8": 1.0251172906894621,
    "9": 0.19495416787636832
  },
  "550m salinity": {
    "10": 0.3544042425229739,
    "1": 0.5658545036944642,
    "2": 0.20280198391663484,
    "3": 0.03594865511057191,
    "4": -0.3855024854044683,
    "5": 0.14507539172195277,
    "6": -0.3402702543264893,
    "7": 0.264224396077015,
    "8": 0.570980290689462,
    "9": -0.2636108321236317
  },
  "550m northward velocity": {
    "10": 0.35721924252297393,
    "1": 0.5686295036944642,
    "2": 0.20357698391663487,
    "3": 0.0368016551105719,
    "4": -0.38611348540446827,
    "5": 0.14480839172195276,
    "6": -0.34161725432648926,
    "7": 0.263120396077015,
    "8": 0.568926290689462,
    "9": -0.2656088321236317
  },
  "550m eastward velocity": {
    "10": 0.36068224252297393,
    "1": 0.5720315036944642,
    "2": 0.20720198391663486,
    "3": 0.04054365511057191,
    "4": -0.3821914854044683,
    "5": 0.14861539172195276,
    "6": -0.33760525432648925,
    "7": 0.267087396077015,
    "8": 0.572971290689462,
    "9": -0.26150583212363165
  }
}
