{
  "name": "GLONET",
  "depths": {
    "Surface": {
      "real_value": 0,
      "variables": {
        "temperature": {
          "cf_name": "sea_surface_temperature",
          "unit": "\u00b0C",
          "data": {
            "1": 0.659611,
            "2": 0.675301,
            "3": 0.725245,
            "4": 0.72456,
            "5": 0.805426,
            "6": 0.807227,
            "7": 0.88862,
            "8": 0.869715,
            "9": 0.944387,
            "10": 0.925018
          }
        },
        "salinity": {
          "cf_name": "sea_surface_salinity",
          "unit": "todo",
          "data": {
            "1": 0.792587,
            "2": 0.790434,
            "3": 0.795696,
            "4": 0.792178,
            "5": 0.787018,
            "6": 0.781515,
            "7": 0.780387,
            "8": 0.77653,
            "9": 0.778576,
            "10": 0.771986
          }
        }
      }
    },
    "50 m": {
      "real_value": 49.179961,
      "variables": {
        "temperature": {
          "cf_name": "sea_surface_temperature",
          "unit": "\u00b0C",
          "data": {
            "1": 0.659611,
            "2": 0.675301,
            "3": 0.725245,
            "4": 0.72456,
            "5": 0.805426,
            "6": 0.807227,
            "7": 0.88862,
            "8": 0.869715,
            "9": 0.944387,
            "10": 0.925018
          }
        },
        "salinity": {
          "cf_name": "sea_surface_salinity",
          "unit": "todo",
          "data": {
            "1": 0.792587,
            "2": 0.790434,
            "3": 0.795696,
            "4": 0.792178,
            "5": 0.787018,
            "6": 0.781515,
            "7": 0.780387,
            "8": 0.77653,
            "9": 0.778576,
            "10": 0.771986
          }
        }
      }
    }
  }
}
