{
  "Surface height": {
    "1": 0.07255,
    "2": 0.072811,
    "3": 0.072279,
    "4": 0.074205,
    "5": 0.077055,
    "6": 0.077814,
    "7": 0.080816,
    "8": 0.080644,
    "9": 0.084408,
    "10": 0.085529
  },
  "Surface temperature": {
    "1": 0.659611,
    "2": 0.675301,
    "3": 0.725245,
    "4": 0.72456,
    "5": 0.805426,
    "6": 0.807227,
    "7": 0.88862,
    "8": 0.869715,
    "9": 0.944387,
    "10": 0.925018
  },
  "Surface salinity": {
    "1": 0.792587,
    "2": 0.790434,
    "3": 0.795696,
    "4": 0.792178,
    "5": 0.787018,
    "6": 0.781515,
    "7": 0.780387,
    "8": 0.77653,
    "9": 0.778576,
    "10": 0.771986
  },
  "Surface northward velocity": {
    "1": 0.116657,
    "2": 0.119014,
    "3": 0.122878,
    "4": 0.123277,
    "5": 0.12583,
    "6": 0.127524,
    "7": 0.132315,
    "8": 0.133787,
    "9": 0.139171,
    "10": 0.139889
  },
  "Surface eastward velocity": {
    "1": 0.117798,
    "2": 0.120017,
    "3": 0.123027,
    "4": 0.124172,
    "5": 0.128817,
    "6": 0.130287,
    "7": 0.134783,
    "8": 0.134989,
    "9": 0.139812,
    "10": 0.143858
  },
  "50m temperature": {
    "1": 0.966279,
    "2": 0.981624,
    "3": 1.00317,
    "4": 1.022845,
    "5": 1.060496,
    "6": 1.097911,
    "7": 1.136152,
    "8": 1.187038,
    "9": 1.216651,
    "10": 1.282137
  },
  "50m salinity": {
    "1": 0.35059,
    "2": 0.350406,
    "3": 0.35851,
    "4": 0.359323,
    "5": 0.364514,
    "6": 0.365943,
    "7": 0.370236,
    "8": 0.371366,
    "9": 0.375886,
    "10": 0.378222
  },
  "50m northward velocity": {
    "1": 0.107193,
    "2": 0.1076,
    "3": 0.106828,
    "4": 0.107995,
    "5": 0.109449,
    "6": 0.111846,
    "7": 0.114489,
    "8": 0.117098,
    "9": 0.118402,
    "10": 0.120405
  },
  "50m eastward velocity": {
    "1": 0.108636,
    "2": 0.109575,
    "3": 0.109599,
    "4": 0.11064,
    "5": 0.112196,
    "6": 0.11451,
    "7": 0.117032,
    "8": 0.119348,
    "9": 0.122307,
    "10": 0.126167
  },
  "200m temperature": {
    "1": 0.83007,
    "2": 0.835607,
    "3": 0.839491,
    "4": 0.843784,
    "5": 0.842975,
    "6": 0.854395,
    "7": 0.860074,
    "8": 0.873203,
    "9": 0.882551,
    "10": 0.896545
  },
  "200m salinity": {
    "1": 0.153813,
    "2": 0.154191,
    "3": 0.154294,
    "4": 0.15474,
    "5": 0.15524,
    "6": 0.156228,
    "7": 0.157211,
    "8": 0.158202,
    "9": 0.159406,
    "10": 0.160655
  },
  "200m northward velocity": {
    "1": 0.105729,
    "2": 0.105617,
    "3": 0.103732,
    "4": 0.103923,
    "5": 0.103612,
    "6": 0.104518,
    "7": 0.105113,
    "8": 0.106037,
    "9": 0.106619,
    "10": 0.107361
  },
  "200m eastward velocity": {
    "1": 0.110307,
    "2": 0.110096,
    "3": 0.10875,
    "4": 0.109188,
    "5": 0.109433,
    "6": 0.110214,
    "7": 0.110933,
    "8": 0.111515,
    "9": 0.112037,
    "10": 0.113011
  },
  "550m temperature": {
    "1": 0.529752,
    "2": 0.531733,
    "3": 0.521913,
    "4": 0.524355,
    "5": 0.526169,
    "6": 0.529719,
    "7": 0.536765,
    "8": 0.539467,
    "9": 0.548115,
    "10": 0.552867
  },
  "550m salinity": {
    "1": 0.090489,
    "2": 0.090457,
    "3": 0.090514,
    "4": 0.090479,
    "5": 0.091398,
    "6": 0.09149,
    "7": 0.092668,
    "8": 0.092761,
    "9": 0.093978,
    "10": 0.094302
  },
  "550m northward velocity": {
    "1": 0.093304,
    "2": 0.093232,
    "3": 0.091289,
    "4": 0.091332,
    "5": 0.090787,
    "6": 0.091223,
    "7": 0.091321,
    "8": 0.091657,
    "9": 0.091924,
    "10": 0.092304
  },
  "550m eastward velocity": {
    "1": 0.096767,
    "2": 0.096634,
    "3": 0.094914,
    "4": 0.095074,
    "5": 0.094709,
    "6": 0.09503,
    "7": 0.095333,
    "8": 0.095624,
    "9": 0.095969,
    "10": 0.096407
  }
}
