,Lead day 1,Lead day 2,Lead day 3,Lead day 4,Lead day 5,Lead day 6,Lead day 7,Lead day 8,Lead day 9,Lead day 10
uo,0.11779795,0.12001727,0.12302654,0.12417181,0.12881652,0.13028724,0.13478282,0.13498908,0.13981191,0.14385832
vo,0.1166568,0.11901357,0.12287772,0.12327738,0.12583043,0.12752425,0.13231474,0.13378686,0.13917116,0.13988937
so,0.79258696,0.7904339,0.795696,0.79217786,0.7870178,0.78151545,0.7803873,0.77652987,0.77857555,0.77198637
thetao,0.65961117,0.675301,0.72524496,0.72456004,0.80542591,0.80722719,0.88862047,0.86971467,0.94438668,0.92501826
zos,0.0725505,0.07281072,0.07227884,0.07420535,0.07705517,0.07781441,0.08081592,0.08064399,0.0844077,0.08552853
